STATION_ID,DURATION,SENSOR_NUMBER,SENSOR_TYPE,DATE TIME,OBS DATE,VALUE,DATA_FLAG,UNITS
PRR,D,15,STORAGE,20250101 0000,20250101 0000,105347, ,AF
PRR,D,15,STORAGE,20250102 0000,20250102 0000,105560, ,AF
PRR,D,15,STORAGE,20250103 0000,20250103 0000,105775, ,AF
PRR,D,15,STORAGE,20250104 0000,20250104 0000,105775, ,AF
PRR,D,15,STORAGE,20250105 0000,20250105 0000,105775, ,AF
PRR,D,15,STORAGE,20250106 0000,20250106 0000,105989, ,AF
PRR,D,15,STORAGE,20250107 0000,20250107 0000,105989, ,AF
PRR,D,15,STORAGE,20250108 0000,20250108 0000,106053, ,AF
PRR,D,15,STORAGE,20250109 0000,20250109 0000,106096, ,AF
PRR,D,15,STORAGE,20250110 0000,20250110 0000,106246, ,AF
PRR,D,15,STORAGE,20250111 0000,20250111 0000,106096, ,AF
PRR,D,15,STORAGE,20250112 0000,20250112 0000,106268, ,AF
PRR,D,15,STORAGE,20250113 0000,20250113 0000,106203, ,AF
PRR,D,15,STORAGE,20250114 0000,20250114 0000,106246, ,AF
PRR,D,15,STORAGE,20250115 0000,20250115 0000,106482, ,AF
PRR,D,15,STORAGE,20250116 0000,20250116 0000,106482, ,AF
PRR,D,15,STORAGE,20250117 0000,20250117 0000,106439, ,AF
PRR,D,15,STORAGE,20250118 0000,20250118 0000,106568, ,AF
PRR,D,15,STORAGE,20250119 0000,20250119 0000,106675, ,AF
PRR,D,15,STORAGE,20250120 0000,20250120 0000,106568, ,AF
PRR,D,15,STORAGE,20250121 0000,20250121 0000,106568, ,AF
PRR,D,15,STORAGE,20250122 0000,20250122 0000,106654, ,AF
PRR,D,15,STORAGE,20250123 0000,20250123 0000,106439, ,AF
PRR,D,15,STORAGE,20250124 0000,20250124 0000,106654, ,AF
PRR,D,15,STORAGE,20250125 0000,20250125 0000,106804, ,AF
PRR,D,15,STORAGE,20250126 0000,20250126 0000,107173, ,AF
PRR,D,15,STORAGE,20250127 0000,20250127 0000,107237, ,AF
PRR,D,15,STORAGE,20250128 0000,20250128 0000,107367, ,AF
PRR,D,15,STORAGE,20250129 0000,20250129 0000,107345, ,AF
PRR,D,15,STORAGE,20250130 0000,20250130 0000,107518, ,AF
PRR,D,15,STORAGE,20250131 0000,20250131 0000,107561, ,AF
PRR,D,15,STORAGE,20250201 0000,20250201 0000,107626, ,AF
PRR,D,15,STORAGE,20250202 0000,20250202 0000,107626, ,AF
PRR,D,15,STORAGE,20250203 0000,20250203 0000,107755, ,AF
PRR,D,15,STORAGE,20250204 0000,20250204 0000,107777, ,AF
PRR,D,15,STORAGE,20250205 0000,20250205 0000,107777, ,AF
PRR,D,15,STORAGE,20250206 0000,20250206 0000,107885, ,AF
PRR,D,15,STORAGE,20250207 0000,20250207 0000,108014, ,AF
PRR,D,15,STORAGE,20250208 0000,20250208 0000,108230, ,AF
PRR,D,15,STORAGE,20250209 0000,20250209 0000,108295, ,AF
PRR,D,15,STORAGE,20250210 0000,20250210 0000,108425, ,AF
PRR,D,15,STORAGE,20250211 0000,20250211 0000,108425, ,AF
PRR,D,15,STORAGE,20250212 0000,20250212 0000,108490, ,AF
PRR,D,15,STORAGE,20250213 0000,20250213 0000,108793, ,AF
PRR,D,15,STORAGE,20250214 0000,20250214 0000,108966, ,AF
PRR,D,15,STORAGE,20250215 0000,20250215 0000,108793, ,AF
PRR,D,15,STORAGE,20250216 0000,20250216 0000,108880, ,AF
PRR,D,15,STORAGE,20250217 0000,20250217 0000,108988, ,AF
PRR,D,15,STORAGE,20250218 0000,20250218 0000,109053, ,AF
PRR,D,15,STORAGE,20250219 0000,20250219 0000,108966, ,AF
PRR,D,15,STORAGE,20250220 0000,20250220 0000,109075, ,AF
PRR,D,15,STORAGE,20250221 0000,20250221 0000,109096, ,AF
PRR,D,15,STORAGE,20250222 0000,20250222 0000,109096, ,AF
PRR,D,15,STORAGE,20250223 0000,20250223 0000,109053, ,AF
PRR,D,15,STORAGE,20250224 0000,20250224 0000,109075, ,AF
PRR,D,15,STORAGE,20250225 0000,20250225 0000,109140, ,AF
PRR,D,15,STORAGE,20250226 0000,20250226 0000,109053, ,AF
PRR,D,15,STORAGE,20250227 0000,20250227 0000,109118, ,AF
PRR,D,15,STORAGE,20250228 0000,20250228 0000,109075, ,AF
PRR,D,15,STORAGE,20250301 0000,20250301 0000,109031, ,AF
PRR,D,15,STORAGE,20250302 0000,20250302 0000,109053, ,AF
PRR,D,15,STORAGE,20250303 0000,20250303 0000,108988, ,AF
PRR,D,15,STORAGE,20250304 0000,20250304 0000,109053, ,AF
PRR,D,15,STORAGE,20250305 0000,20250305 0000,109140, ,AF
PRR,D,15,STORAGE,20250306 0000,20250306 0000,109248, ,AF
PRR,D,15,STORAGE,20250307 0000,20250307 0000,109270, ,AF
PRR,D,15,STORAGE,20250308 0000,20250308 0000,109313, ,AF
PRR,D,15,STORAGE,20250309 0000,20250309 0000,109356, ,AF
PRR,D,15,STORAGE,20250310 0000,20250310 0000,109291, ,AF
PRR,D,15,STORAGE,20250311 0000,20250311 0000,109487, ,AF
PRR,D,15,STORAGE,20250312 0000,20250312 0000,109378, ,AF
PRR,D,15,STORAGE,20250313 0000,20250313 0000,109856, ,AF
PRR,D,15,STORAGE,20250314 0000,20250314 0000,110030, ,AF
PRR,D,15,STORAGE,20250315 0000,20250315 0000,110465, ,AF
PRR,D,15,STORAGE,20250316 0000,20250316 0000,110661, ,AF
PRR,D,15,STORAGE,20250317 0000,20250317 0000,111075, ,AF
PRR,D,15,STORAGE,20250318 0000,20250318 0000,111315, ,AF
PRR,D,15,STORAGE,20250319 0000,20250319 0000,111643, ,AF
PRR,D,15,STORAGE,20250320 0000,20250320 0000,111971, ,AF
PRR,D,15,STORAGE,20250321 0000,20250321 0000,112014, ,AF
PRR,D,15,STORAGE,20250322 0000,20250322 0000,112146, ,AF
PRR,D,15,STORAGE,20250323 0000,20250323 0000,112189, ,AF
PRR,D,15,STORAGE,20250324 0000,20250324 0000,112255, ,AF
PRR,D,15,STORAGE,20250325 0000,20250325 0000,112299, ,AF
PRR,D,15,STORAGE,20250326 0000,20250326 0000,112299, ,AF
PRR,D,15,STORAGE,20250327 0000,20250327 0000,112343, ,AF
PRR,D,15,STORAGE,20250328 0000,20250328 0000,112452, ,AF
PRR,D,15,STORAGE,20250329 0000,20250329 0000,112408, ,AF
PRR,D,15,STORAGE,20250330 0000,20250330 0000,112474, ,AF
PRR,D,15,STORAGE,20250331 0000,20250331 0000,112255, ,AF
