1,9,19.599,4.702,38.6,20.031,5.937,40.1,20.333,7.396,41.7
1,9.25,19.722,4.871,39.3,20.091,6.107,40.6,20.283,7.632,42.1
1,9.5,19.677,5.073,40.1,20.066,6.292,41.4,20.435,7.957,42.6
1,9.75,19.663,5.169,40.1,20.109,6.507,41.9,20.327,8.246,43.2
1,10,19.713,5.309,41.1,19.989,6.878,42,20.347,8.467,43.3
1,10.25,19.692,5.582,41.4,20.115,7.014,42.9,20.541,8.658,43.8
1,10.5,19.776,5.69,41.5,20.005,7.182,43.1,20.361,9.025,44.7
1,10.75,-999,5.741,42,20.226,7.265,43.2,20.517,9.122,45
1,11,19.709,5.961,42.3,20.081,7.506,44.2,20.441,9.372,44.9
1,11.25,19.759,5.922,43,20.102,7.628,43.9,20.393,9.583,45.1
1,11.5,19.891,5.949,42.8,20.12,7.634,44.6,20.503,9.564,46
1,11.75,19.793,6.101,43.6,20.079,7.781,44.4,20.469,9.63,46.1
1,12,19.893,6.039,43.6,20.211,7.637,44.4,20.427,9.572,46.2
1,12.25,19.86,5.975,43.6,20.137,7.689,45.1,20.512,9.497,45.9
1,12.5,19.745,6.034,43.8,20.082,7.679,44.5,20.396,9.591,46.2
1,12.75,19.773,6.007,43.1,20.14,7.52,44.8,20.408,9.474,46.2
1,13,19.697,5.926,43.5,20.231,7.423,44.6,20.382,9.451,45.8
1,13.25,19.745,5.796,43.3,20.019,7.276,44.6,20.403,9.2,45.7
1,13.5,19.752,5.706,42.6,20.213,7.093,44.1,20.366,9.023,45.5
1,13.75,19.731,5.551,42.4,20.077,7.014,44,20.516,8.748,45
1,14,19.62,5.326,42.5,19.978,6.874,43.6,20.517,8.431,44.5
1,14.25,19.704,5.169,41.8,19.975,6.581,43.5,20.383,8.19,44.5
1,14.5,19.66,5.023,41.4,20.148,6.345,42.4,20.403,7.994,43.9
1,14.75,19.647,4.877,40.9,19.936,6.111,42.2,20.385,7.673,43.3
1,15,19.59,4.612,40.2,19.942,5.851,41.5,20.256,7.411,43
2,9,19.666,4.158,37.8,20.001,5.301,39.3,20.458,6.524,40.7
2,9.25,19.683,4.329,38.1,20.112,5.53,39.3,20.408,6.863,40.9
2,9.5,19.672,4.494,38.9,20.097,5.698,40,20.321,7.11,41.1
2,9.75,19.765,4.643,39.5,20.006,5.982,40.4,20.34,7.369,41.7
2,10,19.78,4.791,39.6,20,6.1,40.7,20.437,7.56,41.9
2,10.25,19.634,4.987,40.2,20.165,6.236,41.2,20.388,7.845,42.8
2,10.5,19.843,5.112,40.8,20.066,6.424,-999,20.434,8.034,43.1
2,10.75,19.87,5.152,41,20.195,6.643,41.9,20.49,8.266,43.4
2,11,19.688,5.279,40.9,20.204,6.629,42.7,20.511,8.394,43.8
2,11.25,19.89,5.377,41.8,20.188,6.778,42.8,20.417,8.568,44
2,11.5,19.895,5.358,42.1,20.241,6.911,43.2,20.421,8.62,44.5
2,11.75,19.758,5.418,42.1,20.166,6.963,43.2,20.576,8.637,44.8
2,12,19.763,3.686,37.7,20.04,4.784,39.5,20.4,5.898,40.5
2,12.25,19.715,3.707,37.9,20.223,4.729,39.6,20.51,5.821,40.8
2,12.5,19.822,3.631,38.2,20.25,4.666,39.5,20.512,5.871,40.9
2,12.75,19.71,3.661,38.3,20.084,4.619,39.1,20.48,5.803,40.5
2,13,19.685,5.306,41.8,20.149,6.638,43.1,20.442,8.429,44.8
2,13.25,19.807,5.177,41.5,20.109,6.614,43.4,20.406,8.184,44.5
2,13.5,19.73,5.048,41.6,20.135,6.483,42.6,20.465,8.145,44.4
2,13.75,19.825,4.894,41.1,19.992,6.323,42.6,20.391,7.946,44
2,14,19.659,4.822,40.8,20.014,6.06,42.1,20.527,7.631,43.6
2,14.25,19.676,4.723,40.9,20.159,5.96,41.6,20.42,7.311,43.4
2,14.5,19.661,4.569,40.4,20.009,5.782,41.8,20.452,7.088,42.5
2,14.75,19.592,4.332,40.1,20.048,5.567,41,20.407,6.953,42.1
2,15,19.58,4.18,39.3,20.054,5.274,40.6,20.439,6.584,42.1
3,9,19.659,4.446,38.2,19.936,5.626,39.3,20.356,7.005,41.2
3,9.25,19.723,4.542,38.7,20.069,5.874,39.9,20.286,7.327,41.2
3,9.5,19.791,4.684,39,19.997,6.122,40.9,20.447,7.466,41.7
3,9.75,19.717,4.867,39.9,19.98,6.298,41.2,20.39,7.794,42.5
3,10,19.656,5.075,40.4,20.083,6.448,41.3,20.453,8.109,43.1
3,10.25,19.798,5.22,40.6,20.047,6.716,41.8,20.531,8.208,43.6
3,10.5,19.826,5.407,40.8,20.178,6.715,42.5,20.389,8.543,43.5
3,10.75,19.792,5.42,41.3,20.124,6.92,42.7,20.487,-0.25,43.8
3,11,19.708,5.537,41.8,20.049,7.09,43.2,20.396,8.981,44.2
3,11.25,19.843,5.637,41.9,20.208,7.17,43.1,20.429,8.907,44.5
3,11.5,19.774,5.739,42.4,20.099,7.264,44.1,20.429,9.013,45.3
3,11.75,19.754,5.808,42.5,20.101,7.372,44.2,20.507,9.052,45.5
3,12,19.726,5.727,42.9,20.102,7.402,44.1,20.531,9.183,45
3,12.25,19.891,5.706,42.9,20.167,7.371,44,20.406,9.203,45.1
3,12.5,19.718,5.779,43,20.11,7.275,43.8,20.603,9.108,45.6
3,12.75,19.804,5.691,43.1,20.231,7.186,44,20.519,9.034,45.3
3,13,19.689,5.614,42.8,20.219,7.106,43.9,20.395,8.978,45.1
3,13.25,19.8,5.441,42.5,20.21,6.935,44.1,20.504,8.606,44.9
3,13.5,19.652,5.395,42.5,20.158,6.72,43.2,20.514,8.538,44.9
3,13.75,19.834,5.184,42.1,20.028,6.712,43.2,20.354,8.405,44.3
3,14,19.646,5.152,41.8,20.075,6.53,42.9,20.463,7.976,44.1
3,14.25,19.785,4.924,41.3,19.998,6.338,42.6,20.465,7.821,44.1
3,14.5,19.627,4.718,41.1,20.101,6.081,42.3,20.456,7.507,43.1
3,14.75,19.747,4.539,40.6,20,5.777,41.6,20.386,7.212,42.8
3,15,19.654,4.453,39.8,19.927,5.625,41.2,20.423,6.958,42.3
4,9,19.662,3.816,37,20.079,4.904,38.4,20.357,6.059,39.9
4,9.25,19.679,3.976,37.6,19.979,5.143,38.5,20.365,6.358,40.2
4,9.5,19.651,4.121,38.3,20.127,5.266,39.3,20.486,6.622,40.4
4,9.75,19.701,4.299,38.7,20.055,5.43,39.7,20.343,6.801,41.2
4,10,19.73,4.493,38.8,20.141,5.565,40.1,20.359,7.034,41.2
4,10.25,19.8,4.521,39.2,20.033,5.81,40.7,20.355,7.296,41.8
4,10.5,19.797,4.641,39.5,20.091,5.962,40.6,20.392,7.462,42.2
4,10.75,19.769,4.788,40.1,20.108,6.026,41,20.49,7.517,-999
4,11,19.866,3.301,36.4,20.028,4.27,38.2,20.536,5.199,39.5
4,11.25,19.74,3.402,36.8,20.19,4.226,38.5,20.387,5.354,39.7
4,11.5,19.757,3.426,37.2,20.21,4.254,38.7,20.443,5.433,39.6
4,11.75,19.794,3.451,37.6,20.151,4.3,38.7,20.4,5.501,39.9
4,12,19.907,3.364,37.3,20.256,4.297,38.4,20.461,5.461,40.1
4,12.25,19.809,3.44,37.1,20.183,4.321,38.6,20.455,5.395,40.3
4,12.5,19.74,4.952,41.3,20.162,6.259,42.6,20.563,7.823,44
4,12.75,19.727,4.95,40.8,20.165,6.215,42.7,20.445,7.807,44
4,13,19.817,4.909,41.3,20.08,6.244,42.2,20.568,7.62,43.6
4,13.25,19.774,4.764,40.8,20.177,6.131,42.2,20.526,7.502,43.4
4,13.5,19.73,4.678,40.9,20.096,5.969,42.3,20.54,7.37,43.3
4,13.75,19.827,4.537,40.3,20.185,5.732,41.4,20.51,7.138,42.9
4,14,19.663,4.405,40.3,19.982,5.686,41.6,20.502,6.986,42.7
4,14.25,19.812,4.252,39.8,20.13,5.47,40.8,20.459,6.852,42.5
4,14.5,19.6,4.188,39.2,19.943,5.295,40.6,20.44,6.643,42.1
4,14.75,19.565,4.015,38.8,19.962,5.125,40.1,20.299,6.301,41.9
4,15,19.606,3.853,38.6,19.989,4.946,40,20.246,6.097,41.3
5,9,19.571,4.26,38.1,20.055,5.374,39.4,20.306,6.752,40.3
5,9.25,19.658,4.37,38.4,20.02,5.533,39.9,20.463,6.896,41.1
5,9.5,19.625,4.593,39.1,20.054,5.771,40.1,20.43,7.171,41.4
5,9.75,19.733,4.76,39.1,-999,5.923,40.5,20.432,7.476,41.9
5,10,19.704,4.84,39.5,19.995,6.197,41.3,20.497,7.645,42.4
5,10.25,19.853,4.98,40.5,20.168,6.326,41.3,20.536,7.945,42.6
5,10.5,19.796,5.162,40.3,20.092,6.503,42.2,20.406,8.259,43
5,10.75,19.743,5.24,40.6,20.09,6.726,42.3,20.368,8.361,43.3
5,11,19.871,5.323,41.2,20.053,6.774,42.3,20.508,8.397,43.9
5,11.25,19.753,5.485,41.9,20.119,6.927,43,20.523,8.488,44.3
5,11.5,19.758,5.424,41.7,20.161,6.858,43.2,20.412,8.802,44.6
5,11.75,19.811,5.484,41.7,20.133,6.98,43.4,20.482,8.708,44.6
5,12,19.711,5.583,42,20.121,6.944,43.2,20.482,8.782,44.7
5,12.25,19.773,5.458,42.6,20.145,7.055,43.8,20.501,8.698,44.6
5,12.5,19.876,5.436,42.5,20.091,7,43.5,20.538,8.736,44.7
5,12.75,19.79,5.461,42.5,20.216,6.873,43.2,20.491,8.681,45
5,13,19.815,5.301,42,20.028,6.742,43.1,20.421,8.543,45
5,13.25,19.761,5.288,41.8,20.193,6.632,43.1,20.387,8.402,44.6
5,13.5,19.699,5.204,41.8,20.116,6.466,43.1,20.557,8.163,44.6
5,13.75,19.786,4.946,41.6,20.141,6.295,42.6,20.36,7.944,44.4
5,14,19.76,4.809,41.4,19.999,6.225,42.7,20.324,7.819,44
5,14.25,19.742,-0.15,41,20.022,6.022,42.3,20.48,7.45,43.6
5,14.5,19.682,4.537,40.5,20.153,5.806,41.3,20.301,7.333,42.7
5,14.75,19.664,4.365,40.2,20.035,5.549,41.2,20.366,6.938,42.6
5,15,19.647,4.206,39.7,20.113,5.339,40.8,20.459,6.638,41.8
